"var","n.var","q.variance","V4"
"1","X1",1,0.749888161160076,5
"2","X2",1,0.137495623953142,2
"3","X3",1,0.05015413480411,2
"4","X1_X2",2,0.833794343193816,6
"5","X1_X3",2,0.775097064238451,6
"6","X2_X3",2,0.184790744368814,4
"7","X1_X2_X3",3,0.833794343193816,6
